{
  "contract_entropy_analysis": {
    "stats": {
      "mean": 0.1608128209640155,
      "median": 0.1608128209640155,
      "std": 0.0,
      "min": 0.1608128209640155,
      "max": 0.1608128209640155,
      "count": 1
    },
    "sorted_contracts": [
      [
        "ERC20-USDT",
        0.1608128209640155
      ]
    ]
  },
  "section_entropy_analysis": {
    "section_stats": {
      "contract_interaction": {
        "mean": 0.21025056091051675,
        "median": 0.21025056091051675,
        "std": 0.0,
        "min": 0.21025056091051675,
        "max": 0.21025056091051675,
        "count": 1
      },
      "state_changes": {
        "mean": 0.21654213901086025,
        "median": 0.21654213901086025,
        "std": 0.0,
        "min": 0.21654213901086025,
        "max": 0.21654213901086025,
        "count": 1
      },
      "events": {
        "mean": 0.21645858393468495,
        "median": 0.21645858393468495,
        "std": 0.0,
        "min": 0.21645858393468495,
        "max": 0.21645858393468495,
        "count": 1
      },
      "implications": {
        "mean": 0.0,
        "median": 0.0,
        "std": 0.0,
        "min": 0.0,
        "max": 0.0,
        "count": 1
      }
    },
    "sorted_sections": [
      [
        "state_changes",
        0.21654213901086025
      ],
      [
        "events",
        0.21645858393468495
      ],
      [
        "contract_interaction",
        0.21025056091051675
      ],
      [
        "implications",
        0.0
      ]
    ]
  },
  "summary": {
    "num_contracts": 1,
    "avg_overall_entropy": 0.1608128209640155,
    "time_taken": 31.008232593536377
  }
}