{
  "num_contracts": 1,
  "avg_overall_entropy": 0.1608128209640155,
  "time_taken": 31.008232593536377
}